NAME,DESCRIPTION,CREATED_BY,IS_OPEN
Hardware update,Sed ut perspiciatis unde omnis iste natus error sit voluptatem accusantium doloremque laudantium totam rem aperiam eaque ipsa quae ab illo inventore veritatis et quasi architecto beatae vitae dicta sunt explicabo. Nemo enim ipsam voluptatem quia voluptas sit aspernatur aut odit aut fugit sed quia consequuntur magni dolores eos qui ratione voluptatem sequi nesciunt neque porro quisquam est qui dolorem ipsum quia dolor sit amet consectetur adipisci[ng] velit sed quia non numquam [do] eius modi tempora inci[di]dunt ut labore et dolore magnam aliquam quaerat voluptatem. Ut enim ad minima veniam quis nostrum[d] exercitationem ullam corporis suscipit laboriosam nisi ut aliquid ex ea commodi consequatur? [D]Quis autem vel eum iure reprehenderit qui in ea voluptate velit esse quam nihil molestiae consequatur vel illum qui dolorem eum fugiat quo voluptas nulla pariatur? [33] At vero eos et accusamus et iusto odio dignissimos ducimus qui blanditiis praesentium voluptatum deleniti atque corrupti quos dolores et quas molestias excepturi sint obcaecati cupiditate non provident similique sunt in culpa qui officia deserunt mollitia animi id est laborum et dolorum fuga. Et harum quidem rerum facilis est et expedita distinctio. Nam libero tempore cum soluta nobis est eligendi optio cumque nihil impedit quo minus id quod maxime placeat facere possimus omnis voluptas assumenda est omnis dolor repellendus. Temporibus autem quibusdam et aut officiis debitis aut rerum necessitatibus saepe eveniet ut et voluptates repudiandae sint et molestiae non recusandae. Itaque earum rerum hic tenetur a sapiente delectus ut aut reiciendis voluptatibus maiores alias consequatur aut perferendis doloribus asperiores repellat.,25,FALSE
ESB Bug,Sed ut perspiciatis unde omnis iste natus error sit voluptatem accusantium doloremque laudantium totam rem aperiam eaque ipsa quae ab illo inventore veritatis et quasi architecto beatae vitae dicta sunt explicabo. Nemo enim ipsam voluptatem quia voluptas sit aspernatur aut odit aut fugit sed quia consequuntur magni dolores eos qui ratione voluptatem sequi nesciunt neque porro quisquam est qui dolorem ipsum quia dolor sit amet consectetur adipisci[ng] velit sed quia non numquam [do] eius modi tempora inci[di]dunt ut labore et dolore magnam aliquam quaerat voluptatem. Ut enim ad minima veniam quis nostrum[d] exercitationem ullam corporis suscipit laboriosam nisi ut aliquid ex ea commodi consequatur? [D]Quis autem vel eum iure reprehenderit qui in ea voluptate velit esse quam nihil molestiae consequatur vel illum qui dolorem eum fugiat quo voluptas nulla pariatur? [33] At vero eos et accusamus et iusto odio dignissimos ducimus qui blanditiis praesentium voluptatum deleniti atque corrupti quos dolores et quas molestias excepturi sint obcaecati cupiditate non provident similique sunt in culpa qui officia deserunt mollitia animi id est laborum et dolorum fuga. Et harum quidem rerum facilis est et expedita distinctio. Nam libero tempore cum soluta nobis est eligendi optio cumque nihil impedit quo minus id quod maxime placeat facere possimus omnis voluptas assumenda est omnis dolor repellendus. Temporibus autem quibusdam et aut officiis debitis aut rerum necessitatibus saepe eveniet ut et voluptates repudiandae sint et molestiae non recusandae. Itaque earum rerum hic tenetur a sapiente delectus ut aut reiciendis voluptatibus maiores alias consequatur aut perferendis doloribus asperiores repellat.,16,FALSE
Website HTML changes,Sed ut perspiciatis unde omnis iste natus error sit voluptatem accusantium doloremque laudantium totam rem aperiam eaque ipsa quae ab illo inventore veritatis et quasi architecto beatae vitae dicta sunt explicabo. Nemo enim ipsam voluptatem quia voluptas sit aspernatur aut odit aut fugit sed quia consequuntur magni dolores eos qui ratione voluptatem sequi nesciunt neque porro quisquam est qui dolorem ipsum quia dolor sit amet consectetur adipisci[ng] velit sed quia non numquam [do] eius modi tempora inci[di]dunt ut labore et dolore magnam aliquam quaerat voluptatem. Ut enim ad minima veniam quis nostrum[d] exercitationem ullam corporis suscipit laboriosam nisi ut aliquid ex ea commodi consequatur? [D]Quis autem vel eum iure reprehenderit qui in ea voluptate velit esse quam nihil molestiae consequatur vel illum qui dolorem eum fugiat quo voluptas nulla pariatur? [33] At vero eos et accusamus et iusto odio dignissimos ducimus qui blanditiis praesentium voluptatum deleniti atque corrupti quos dolores et quas molestias excepturi sint obcaecati cupiditate non provident similique sunt in culpa qui officia deserunt mollitia animi id est laborum et dolorum fuga. Et harum quidem rerum facilis est et expedita distinctio. Nam libero tempore cum soluta nobis est eligendi optio cumque nihil impedit quo minus id quod maxime placeat facere possimus omnis voluptas assumenda est omnis dolor repellendus. Temporibus autem quibusdam et aut officiis debitis aut rerum necessitatibus saepe eveniet ut et voluptates repudiandae sint et molestiae non recusandae. Itaque earum rerum hic tenetur a sapiente delectus ut aut reiciendis voluptatibus maiores alias consequatur aut perferendis doloribus asperiores repellat.,22,TRUE
Security Update,Sed ut perspiciatis unde omnis iste natus error sit voluptatem accusantium doloremque laudantium totam rem aperiam eaque ipsa quae ab illo inventore veritatis et quasi architecto beatae vitae dicta sunt explicabo. Nemo enim ipsam voluptatem quia voluptas sit aspernatur aut odit aut fugit sed quia consequuntur magni dolores eos qui ratione voluptatem sequi nesciunt neque porro quisquam est qui dolorem ipsum quia dolor sit amet consectetur adipisci[ng] velit sed quia non numquam [do] eius modi tempora inci[di]dunt ut labore et dolore magnam aliquam quaerat voluptatem. Ut enim ad minima veniam quis nostrum[d] exercitationem ullam corporis suscipit laboriosam nisi ut aliquid ex ea commodi consequatur? [D]Quis autem vel eum iure reprehenderit qui in ea voluptate velit esse quam nihil molestiae consequatur vel illum qui dolorem eum fugiat quo voluptas nulla pariatur? [33] At vero eos et accusamus et iusto odio dignissimos ducimus qui blanditiis praesentium voluptatum deleniti atque corrupti quos dolores et quas molestias excepturi sint obcaecati cupiditate non provident similique sunt in culpa qui officia deserunt mollitia animi id est laborum et dolorum fuga. Et harum quidem rerum facilis est et expedita distinctio. Nam libero tempore cum soluta nobis est eligendi optio cumque nihil impedit quo minus id quod maxime placeat facere possimus omnis voluptas assumenda est omnis dolor repellendus. Temporibus autem quibusdam et aut officiis debitis aut rerum necessitatibus saepe eveniet ut et voluptates repudiandae sint et molestiae non recusandae. Itaque earum rerum hic tenetur a sapiente delectus ut aut reiciendis voluptatibus maiores alias consequatur aut perferendis doloribus asperiores repellat.,14,TRUE
Release 3 Enhancements,Sed ut perspiciatis unde omnis iste natus error sit voluptatem accusantium doloremque laudantium totam rem aperiam eaque ipsa quae ab illo inventore veritatis et quasi architecto beatae vitae dicta sunt explicabo. Nemo enim ipsam voluptatem quia voluptas sit aspernatur aut odit aut fugit sed quia consequuntur magni dolores eos qui ratione voluptatem sequi nesciunt neque porro quisquam est qui dolorem ipsum quia dolor sit amet consectetur adipisci[ng] velit sed quia non numquam [do] eius modi tempora inci[di]dunt ut labore et dolore magnam aliquam quaerat voluptatem. Ut enim ad minima veniam quis nostrum[d] exercitationem ullam corporis suscipit laboriosam nisi ut aliquid ex ea commodi consequatur? [D]Quis autem vel eum iure reprehenderit qui in ea voluptate velit esse quam nihil molestiae consequatur vel illum qui dolorem eum fugiat quo voluptas nulla pariatur? [33] At vero eos et accusamus et iusto odio dignissimos ducimus qui blanditiis praesentium voluptatum deleniti atque corrupti quos dolores et quas molestias excepturi sint obcaecati cupiditate non provident similique sunt in culpa qui officia deserunt mollitia animi id est laborum et dolorum fuga. Et harum quidem rerum facilis est et expedita distinctio. Nam libero tempore cum soluta nobis est eligendi optio cumque nihil impedit quo minus id quod maxime placeat facere possimus omnis voluptas assumenda est omnis dolor repellendus. Temporibus autem quibusdam et aut officiis debitis aut rerum necessitatibus saepe eveniet ut et voluptates repudiandae sint et molestiae non recusandae. Itaque earum rerum hic tenetur a sapiente delectus ut aut reiciendis voluptatibus maiores alias consequatur aut perferendis doloribus asperiores repellat.,6,TRUE
Java upgrade,Sed ut perspiciatis unde omnis iste natus error sit voluptatem accusantium doloremque laudantium totam rem aperiam eaque ipsa quae ab illo inventore veritatis et quasi architecto beatae vitae dicta sunt explicabo. Nemo enim ipsam voluptatem quia voluptas sit aspernatur aut odit aut fugit sed quia consequuntur magni dolores eos qui ratione voluptatem sequi nesciunt neque porro quisquam est qui dolorem ipsum quia dolor sit amet consectetur adipisci[ng] velit sed quia non numquam [do] eius modi tempora inci[di]dunt ut labore et dolore magnam aliquam quaerat voluptatem. Ut enim ad minima veniam quis nostrum[d] exercitationem ullam corporis suscipit laboriosam nisi ut aliquid ex ea commodi consequatur? [D]Quis autem vel eum iure reprehenderit qui in ea voluptate velit esse quam nihil molestiae consequatur vel illum qui dolorem eum fugiat quo voluptas nulla pariatur? [33] At vero eos et accusamus et iusto odio dignissimos ducimus qui blanditiis praesentium voluptatum deleniti atque corrupti quos dolores et quas molestias excepturi sint obcaecati cupiditate non provident similique sunt in culpa qui officia deserunt mollitia animi id est laborum et dolorum fuga. Et harum quidem rerum facilis est et expedita distinctio. Nam libero tempore cum soluta nobis est eligendi optio cumque nihil impedit quo minus id quod maxime placeat facere possimus omnis voluptas assumenda est omnis dolor repellendus. Temporibus autem quibusdam et aut officiis debitis aut rerum necessitatibus saepe eveniet ut et voluptates repudiandae sint et molestiae non recusandae. Itaque earum rerum hic tenetur a sapiente delectus ut aut reiciendis voluptatibus maiores alias consequatur aut perferendis doloribus asperiores repellat.,8,TRUE
JBoss patch,Sed ut perspiciatis unde omnis iste natus error sit voluptatem accusantium doloremque laudantium totam rem aperiam eaque ipsa quae ab illo inventore veritatis et quasi architecto beatae vitae dicta sunt explicabo. Nemo enim ipsam voluptatem quia voluptas sit aspernatur aut odit aut fugit sed quia consequuntur magni dolores eos qui ratione voluptatem sequi nesciunt neque porro quisquam est qui dolorem ipsum quia dolor sit amet consectetur adipisci[ng] velit sed quia non numquam [do] eius modi tempora inci[di]dunt ut labore et dolore magnam aliquam quaerat voluptatem. Ut enim ad minima veniam quis nostrum[d] exercitationem ullam corporis suscipit laboriosam nisi ut aliquid ex ea commodi consequatur? [D]Quis autem vel eum iure reprehenderit qui in ea voluptate velit esse quam nihil molestiae consequatur vel illum qui dolorem eum fugiat quo voluptas nulla pariatur? [33] At vero eos et accusamus et iusto odio dignissimos ducimus qui blanditiis praesentium voluptatum deleniti atque corrupti quos dolores et quas molestias excepturi sint obcaecati cupiditate non provident similique sunt in culpa qui officia deserunt mollitia animi id est laborum et dolorum fuga. Et harum quidem rerum facilis est et expedita distinctio. Nam libero tempore cum soluta nobis est eligendi optio cumque nihil impedit quo minus id quod maxime placeat facere possimus omnis voluptas assumenda est omnis dolor repellendus. Temporibus autem quibusdam et aut officiis debitis aut rerum necessitatibus saepe eveniet ut et voluptates repudiandae sint et molestiae non recusandae. Itaque earum rerum hic tenetur a sapiente delectus ut aut reiciendis voluptatibus maiores alias consequatur aut perferendis doloribus asperiores repellat.,44,TRUE
Directory changes,Sed ut perspiciatis unde omnis iste natus error sit voluptatem accusantium doloremque laudantium totam rem aperiam eaque ipsa quae ab illo inventore veritatis et quasi architecto beatae vitae dicta sunt explicabo. Nemo enim ipsam voluptatem quia voluptas sit aspernatur aut odit aut fugit sed quia consequuntur magni dolores eos qui ratione voluptatem sequi nesciunt neque porro quisquam est qui dolorem ipsum quia dolor sit amet consectetur adipisci[ng] velit sed quia non numquam [do] eius modi tempora inci[di]dunt ut labore et dolore magnam aliquam quaerat voluptatem. Ut enim ad minima veniam quis nostrum[d] exercitationem ullam corporis suscipit laboriosam nisi ut aliquid ex ea commodi consequatur? [D]Quis autem vel eum iure reprehenderit qui in ea voluptate velit esse quam nihil molestiae consequatur vel illum qui dolorem eum fugiat quo voluptas nulla pariatur? [33] At vero eos et accusamus et iusto odio dignissimos ducimus qui blanditiis praesentium voluptatum deleniti atque corrupti quos dolores et quas molestias excepturi sint obcaecati cupiditate non provident similique sunt in culpa qui officia deserunt mollitia animi id est laborum et dolorum fuga. Et harum quidem rerum facilis est et expedita distinctio. Nam libero tempore cum soluta nobis est eligendi optio cumque nihil impedit quo minus id quod maxime placeat facere possimus omnis voluptas assumenda est omnis dolor repellendus. Temporibus autem quibusdam et aut officiis debitis aut rerum necessitatibus saepe eveniet ut et voluptates repudiandae sint et molestiae non recusandae. Itaque earum rerum hic tenetur a sapiente delectus ut aut reiciendis voluptatibus maiores alias consequatur aut perferendis doloribus asperiores repellat.,18,TRUE
ENT local update,Sed ut perspiciatis unde omnis iste natus error sit voluptatem accusantium doloremque laudantium totam rem aperiam eaque ipsa quae ab illo inventore veritatis et quasi architecto beatae vitae dicta sunt explicabo. Nemo enim ipsam voluptatem quia voluptas sit aspernatur aut odit aut fugit sed quia consequuntur magni dolores eos qui ratione voluptatem sequi nesciunt neque porro quisquam est qui dolorem ipsum quia dolor sit amet consectetur adipisci[ng] velit sed quia non numquam [do] eius modi tempora inci[di]dunt ut labore et dolore magnam aliquam quaerat voluptatem. Ut enim ad minima veniam quis nostrum[d] exercitationem ullam corporis suscipit laboriosam nisi ut aliquid ex ea commodi consequatur? [D]Quis autem vel eum iure reprehenderit qui in ea voluptate velit esse quam nihil molestiae consequatur vel illum qui dolorem eum fugiat quo voluptas nulla pariatur? [33] At vero eos et accusamus et iusto odio dignissimos ducimus qui blanditiis praesentium voluptatum deleniti atque corrupti quos dolores et quas molestias excepturi sint obcaecati cupiditate non provident similique sunt in culpa qui officia deserunt mollitia animi id est laborum et dolorum fuga. Et harum quidem rerum facilis est et expedita distinctio. Nam libero tempore cum soluta nobis est eligendi optio cumque nihil impedit quo minus id quod maxime placeat facere possimus omnis voluptas assumenda est omnis dolor repellendus. Temporibus autem quibusdam et aut officiis debitis aut rerum necessitatibus saepe eveniet ut et voluptates repudiandae sint et molestiae non recusandae. Itaque earum rerum hic tenetur a sapiente delectus ut aut reiciendis voluptatibus maiores alias consequatur aut perferendis doloribus asperiores repellat.,48,TRUE
System docs,Sed ut perspiciatis unde omnis iste natus error sit voluptatem accusantium doloremque laudantium totam rem aperiam eaque ipsa quae ab illo inventore veritatis et quasi architecto beatae vitae dicta sunt explicabo. Nemo enim ipsam voluptatem quia voluptas sit aspernatur aut odit aut fugit sed quia consequuntur magni dolores eos qui ratione voluptatem sequi nesciunt neque porro quisquam est qui dolorem ipsum quia dolor sit amet consectetur adipisci[ng] velit sed quia non numquam [do] eius modi tempora inci[di]dunt ut labore et dolore magnam aliquam quaerat voluptatem. Ut enim ad minima veniam quis nostrum[d] exercitationem ullam corporis suscipit laboriosam nisi ut aliquid ex ea commodi consequatur? [D]Quis autem vel eum iure reprehenderit qui in ea voluptate velit esse quam nihil molestiae consequatur vel illum qui dolorem eum fugiat quo voluptas nulla pariatur? [33] At vero eos et accusamus et iusto odio dignissimos ducimus qui blanditiis praesentium voluptatum deleniti atque corrupti quos dolores et quas molestias excepturi sint obcaecati cupiditate non provident similique sunt in culpa qui officia deserunt mollitia animi id est laborum et dolorum fuga. Et harum quidem rerum facilis est et expedita distinctio. Nam libero tempore cum soluta nobis est eligendi optio cumque nihil impedit quo minus id quod maxime placeat facere possimus omnis voluptas assumenda est omnis dolor repellendus. Temporibus autem quibusdam et aut officiis debitis aut rerum necessitatibus saepe eveniet ut et voluptates repudiandae sint et molestiae non recusandae. Itaque earum rerum hic tenetur a sapiente delectus ut aut reiciendis voluptatibus maiores alias consequatur aut perferendis doloribus asperiores repellat.,7,TRUE
Security docs,Sed ut perspiciatis unde omnis iste natus error sit voluptatem accusantium doloremque laudantium totam rem aperiam eaque ipsa quae ab illo inventore veritatis et quasi architecto beatae vitae dicta sunt explicabo. Nemo enim ipsam voluptatem quia voluptas sit aspernatur aut odit aut fugit sed quia consequuntur magni dolores eos qui ratione voluptatem sequi nesciunt neque porro quisquam est qui dolorem ipsum quia dolor sit amet consectetur adipisci[ng] velit sed quia non numquam [do] eius modi tempora inci[di]dunt ut labore et dolore magnam aliquam quaerat voluptatem. Ut enim ad minima veniam quis nostrum[d] exercitationem ullam corporis suscipit laboriosam nisi ut aliquid ex ea commodi consequatur? [D]Quis autem vel eum iure reprehenderit qui in ea voluptate velit esse quam nihil molestiae consequatur vel illum qui dolorem eum fugiat quo voluptas nulla pariatur? [33] At vero eos et accusamus et iusto odio dignissimos ducimus qui blanditiis praesentium voluptatum deleniti atque corrupti quos dolores et quas molestias excepturi sint obcaecati cupiditate non provident similique sunt in culpa qui officia deserunt mollitia animi id est laborum et dolorum fuga. Et harum quidem rerum facilis est et expedita distinctio. Nam libero tempore cum soluta nobis est eligendi optio cumque nihil impedit quo minus id quod maxime placeat facere possimus omnis voluptas assumenda est omnis dolor repellendus. Temporibus autem quibusdam et aut officiis debitis aut rerum necessitatibus saepe eveniet ut et voluptates repudiandae sint et molestiae non recusandae. Itaque earum rerum hic tenetur a sapiente delectus ut aut reiciendis voluptatibus maiores alias consequatur aut perferendis doloribus asperiores repellat.,29,FALSE
Audit log,Sed ut perspiciatis unde omnis iste natus error sit voluptatem accusantium doloremque laudantium totam rem aperiam eaque ipsa quae ab illo inventore veritatis et quasi architecto beatae vitae dicta sunt explicabo. Nemo enim ipsam voluptatem quia voluptas sit aspernatur aut odit aut fugit sed quia consequuntur magni dolores eos qui ratione voluptatem sequi nesciunt neque porro quisquam est qui dolorem ipsum quia dolor sit amet consectetur adipisci[ng] velit sed quia non numquam [do] eius modi tempora inci[di]dunt ut labore et dolore magnam aliquam quaerat voluptatem. Ut enim ad minima veniam quis nostrum[d] exercitationem ullam corporis suscipit laboriosam nisi ut aliquid ex ea commodi consequatur? [D]Quis autem vel eum iure reprehenderit qui in ea voluptate velit esse quam nihil molestiae consequatur vel illum qui dolorem eum fugiat quo voluptas nulla pariatur? [33] At vero eos et accusamus et iusto odio dignissimos ducimus qui blanditiis praesentium voluptatum deleniti atque corrupti quos dolores et quas molestias excepturi sint obcaecati cupiditate non provident similique sunt in culpa qui officia deserunt mollitia animi id est laborum et dolorum fuga. Et harum quidem rerum facilis est et expedita distinctio. Nam libero tempore cum soluta nobis est eligendi optio cumque nihil impedit quo minus id quod maxime placeat facere possimus omnis voluptas assumenda est omnis dolor repellendus. Temporibus autem quibusdam et aut officiis debitis aut rerum necessitatibus saepe eveniet ut et voluptates repudiandae sint et molestiae non recusandae. Itaque earum rerum hic tenetur a sapiente delectus ut aut reiciendis voluptatibus maiores alias consequatur aut perferendis doloribus asperiores repellat.,39,FALSE
Server host name change,Sed ut perspiciatis unde omnis iste natus error sit voluptatem accusantium doloremque laudantium totam rem aperiam eaque ipsa quae ab illo inventore veritatis et quasi architecto beatae vitae dicta sunt explicabo. Nemo enim ipsam voluptatem quia voluptas sit aspernatur aut odit aut fugit sed quia consequuntur magni dolores eos qui ratione voluptatem sequi nesciunt neque porro quisquam est qui dolorem ipsum quia dolor sit amet consectetur adipisci[ng] velit sed quia non numquam [do] eius modi tempora inci[di]dunt ut labore et dolore magnam aliquam quaerat voluptatem. Ut enim ad minima veniam quis nostrum[d] exercitationem ullam corporis suscipit laboriosam nisi ut aliquid ex ea commodi consequatur? [D]Quis autem vel eum iure reprehenderit qui in ea voluptate velit esse quam nihil molestiae consequatur vel illum qui dolorem eum fugiat quo voluptas nulla pariatur? [33] At vero eos et accusamus et iusto odio dignissimos ducimus qui blanditiis praesentium voluptatum deleniti atque corrupti quos dolores et quas molestias excepturi sint obcaecati cupiditate non provident similique sunt in culpa qui officia deserunt mollitia animi id est laborum et dolorum fuga. Et harum quidem rerum facilis est et expedita distinctio. Nam libero tempore cum soluta nobis est eligendi optio cumque nihil impedit quo minus id quod maxime placeat facere possimus omnis voluptas assumenda est omnis dolor repellendus. Temporibus autem quibusdam et aut officiis debitis aut rerum necessitatibus saepe eveniet ut et voluptates repudiandae sint et molestiae non recusandae. Itaque earum rerum hic tenetur a sapiente delectus ut aut reiciendis voluptatibus maiores alias consequatur aut perferendis doloribus asperiores repellat.,42,TRUE
Load balancer patch,Sed ut perspiciatis unde omnis iste natus error sit voluptatem accusantium doloremque laudantium totam rem aperiam eaque ipsa quae ab illo inventore veritatis et quasi architecto beatae vitae dicta sunt explicabo. Nemo enim ipsam voluptatem quia voluptas sit aspernatur aut odit aut fugit sed quia consequuntur magni dolores eos qui ratione voluptatem sequi nesciunt neque porro quisquam est qui dolorem ipsum quia dolor sit amet consectetur adipisci[ng] velit sed quia non numquam [do] eius modi tempora inci[di]dunt ut labore et dolore magnam aliquam quaerat voluptatem. Ut enim ad minima veniam quis nostrum[d] exercitationem ullam corporis suscipit laboriosam nisi ut aliquid ex ea commodi consequatur? [D]Quis autem vel eum iure reprehenderit qui in ea voluptate velit esse quam nihil molestiae consequatur vel illum qui dolorem eum fugiat quo voluptas nulla pariatur? [33] At vero eos et accusamus et iusto odio dignissimos ducimus qui blanditiis praesentium voluptatum deleniti atque corrupti quos dolores et quas molestias excepturi sint obcaecati cupiditate non provident similique sunt in culpa qui officia deserunt mollitia animi id est laborum et dolorum fuga. Et harum quidem rerum facilis est et expedita distinctio. Nam libero tempore cum soluta nobis est eligendi optio cumque nihil impedit quo minus id quod maxime placeat facere possimus omnis voluptas assumenda est omnis dolor repellendus. Temporibus autem quibusdam et aut officiis debitis aut rerum necessitatibus saepe eveniet ut et voluptates repudiandae sint et molestiae non recusandae. Itaque earum rerum hic tenetur a sapiente delectus ut aut reiciendis voluptatibus maiores alias consequatur aut perferendis doloribus asperiores repellat.,44,TRUE
Postgres patch,Sed ut perspiciatis unde omnis iste natus error sit voluptatem accusantium doloremque laudantium totam rem aperiam eaque ipsa quae ab illo inventore veritatis et quasi architecto beatae vitae dicta sunt explicabo. Nemo enim ipsam voluptatem quia voluptas sit aspernatur aut odit aut fugit sed quia consequuntur magni dolores eos qui ratione voluptatem sequi nesciunt neque porro quisquam est qui dolorem ipsum quia dolor sit amet consectetur adipisci[ng] velit sed quia non numquam [do] eius modi tempora inci[di]dunt ut labore et dolore magnam aliquam quaerat voluptatem. Ut enim ad minima veniam quis nostrum[d] exercitationem ullam corporis suscipit laboriosam nisi ut aliquid ex ea commodi consequatur? [D]Quis autem vel eum iure reprehenderit qui in ea voluptate velit esse quam nihil molestiae consequatur vel illum qui dolorem eum fugiat quo voluptas nulla pariatur? [33] At vero eos et accusamus et iusto odio dignissimos ducimus qui blanditiis praesentium voluptatum deleniti atque corrupti quos dolores et quas molestias excepturi sint obcaecati cupiditate non provident similique sunt in culpa qui officia deserunt mollitia animi id est laborum et dolorum fuga. Et harum quidem rerum facilis est et expedita distinctio. Nam libero tempore cum soluta nobis est eligendi optio cumque nihil impedit quo minus id quod maxime placeat facere possimus omnis voluptas assumenda est omnis dolor repellendus. Temporibus autem quibusdam et aut officiis debitis aut rerum necessitatibus saepe eveniet ut et voluptates repudiandae sint et molestiae non recusandae. Itaque earum rerum hic tenetur a sapiente delectus ut aut reiciendis voluptatibus maiores alias consequatur aut perferendis doloribus asperiores repellat.,18,TRUE
Table changes,Sed ut perspiciatis unde omnis iste natus error sit voluptatem accusantium doloremque laudantium totam rem aperiam eaque ipsa quae ab illo inventore veritatis et quasi architecto beatae vitae dicta sunt explicabo. Nemo enim ipsam voluptatem quia voluptas sit aspernatur aut odit aut fugit sed quia consequuntur magni dolores eos qui ratione voluptatem sequi nesciunt neque porro quisquam est qui dolorem ipsum quia dolor sit amet consectetur adipisci[ng] velit sed quia non numquam [do] eius modi tempora inci[di]dunt ut labore et dolore magnam aliquam quaerat voluptatem. Ut enim ad minima veniam quis nostrum[d] exercitationem ullam corporis suscipit laboriosam nisi ut aliquid ex ea commodi consequatur? [D]Quis autem vel eum iure reprehenderit qui in ea voluptate velit esse quam nihil molestiae consequatur vel illum qui dolorem eum fugiat quo voluptas nulla pariatur? [33] At vero eos et accusamus et iusto odio dignissimos ducimus qui blanditiis praesentium voluptatum deleniti atque corrupti quos dolores et quas molestias excepturi sint obcaecati cupiditate non provident similique sunt in culpa qui officia deserunt mollitia animi id est laborum et dolorum fuga. Et harum quidem rerum facilis est et expedita distinctio. Nam libero tempore cum soluta nobis est eligendi optio cumque nihil impedit quo minus id quod maxime placeat facere possimus omnis voluptas assumenda est omnis dolor repellendus. Temporibus autem quibusdam et aut officiis debitis aut rerum necessitatibus saepe eveniet ut et voluptates repudiandae sint et molestiae non recusandae. Itaque earum rerum hic tenetur a sapiente delectus ut aut reiciendis voluptatibus maiores alias consequatur aut perferendis doloribus asperiores repellat.,32,TRUE
Sequence updates,Sed ut perspiciatis unde omnis iste natus error sit voluptatem accusantium doloremque laudantium totam rem aperiam eaque ipsa quae ab illo inventore veritatis et quasi architecto beatae vitae dicta sunt explicabo. Nemo enim ipsam voluptatem quia voluptas sit aspernatur aut odit aut fugit sed quia consequuntur magni dolores eos qui ratione voluptatem sequi nesciunt neque porro quisquam est qui dolorem ipsum quia dolor sit amet consectetur adipisci[ng] velit sed quia non numquam [do] eius modi tempora inci[di]dunt ut labore et dolore magnam aliquam quaerat voluptatem. Ut enim ad minima veniam quis nostrum[d] exercitationem ullam corporis suscipit laboriosam nisi ut aliquid ex ea commodi consequatur? [D]Quis autem vel eum iure reprehenderit qui in ea voluptate velit esse quam nihil molestiae consequatur vel illum qui dolorem eum fugiat quo voluptas nulla pariatur? [33] At vero eos et accusamus et iusto odio dignissimos ducimus qui blanditiis praesentium voluptatum deleniti atque corrupti quos dolores et quas molestias excepturi sint obcaecati cupiditate non provident similique sunt in culpa qui officia deserunt mollitia animi id est laborum et dolorum fuga. Et harum quidem rerum facilis est et expedita distinctio. Nam libero tempore cum soluta nobis est eligendi optio cumque nihil impedit quo minus id quod maxime placeat facere possimus omnis voluptas assumenda est omnis dolor repellendus. Temporibus autem quibusdam et aut officiis debitis aut rerum necessitatibus saepe eveniet ut et voluptates repudiandae sint et molestiae non recusandae. Itaque earum rerum hic tenetur a sapiente delectus ut aut reiciendis voluptatibus maiores alias consequatur aut perferendis doloribus asperiores repellat.,39,TRUE
End of Year bug,Sed ut perspiciatis unde omnis iste natus error sit voluptatem accusantium doloremque laudantium totam rem aperiam eaque ipsa quae ab illo inventore veritatis et quasi architecto beatae vitae dicta sunt explicabo. Nemo enim ipsam voluptatem quia voluptas sit aspernatur aut odit aut fugit sed quia consequuntur magni dolores eos qui ratione voluptatem sequi nesciunt neque porro quisquam est qui dolorem ipsum quia dolor sit amet consectetur adipisci[ng] velit sed quia non numquam [do] eius modi tempora inci[di]dunt ut labore et dolore magnam aliquam quaerat voluptatem. Ut enim ad minima veniam quis nostrum[d] exercitationem ullam corporis suscipit laboriosam nisi ut aliquid ex ea commodi consequatur? [D]Quis autem vel eum iure reprehenderit qui in ea voluptate velit esse quam nihil molestiae consequatur vel illum qui dolorem eum fugiat quo voluptas nulla pariatur? [33] At vero eos et accusamus et iusto odio dignissimos ducimus qui blanditiis praesentium voluptatum deleniti atque corrupti quos dolores et quas molestias excepturi sint obcaecati cupiditate non provident similique sunt in culpa qui officia deserunt mollitia animi id est laborum et dolorum fuga. Et harum quidem rerum facilis est et expedita distinctio. Nam libero tempore cum soluta nobis est eligendi optio cumque nihil impedit quo minus id quod maxime placeat facere possimus omnis voluptas assumenda est omnis dolor repellendus. Temporibus autem quibusdam et aut officiis debitis aut rerum necessitatibus saepe eveniet ut et voluptates repudiandae sint et molestiae non recusandae. Itaque earum rerum hic tenetur a sapiente delectus ut aut reiciendis voluptatibus maiores alias consequatur aut perferendis doloribus asperiores repellat.,42,TRUE
Software fix pack #4,Sed ut perspiciatis unde omnis iste natus error sit voluptatem accusantium doloremque laudantium totam rem aperiam eaque ipsa quae ab illo inventore veritatis et quasi architecto beatae vitae dicta sunt explicabo. Nemo enim ipsam voluptatem quia voluptas sit aspernatur aut odit aut fugit sed quia consequuntur magni dolores eos qui ratione voluptatem sequi nesciunt neque porro quisquam est qui dolorem ipsum quia dolor sit amet consectetur adipisci[ng] velit sed quia non numquam [do] eius modi tempora inci[di]dunt ut labore et dolore magnam aliquam quaerat voluptatem. Ut enim ad minima veniam quis nostrum[d] exercitationem ullam corporis suscipit laboriosam nisi ut aliquid ex ea commodi consequatur? [D]Quis autem vel eum iure reprehenderit qui in ea voluptate velit esse quam nihil molestiae consequatur vel illum qui dolorem eum fugiat quo voluptas nulla pariatur? [33] At vero eos et accusamus et iusto odio dignissimos ducimus qui blanditiis praesentium voluptatum deleniti atque corrupti quos dolores et quas molestias excepturi sint obcaecati cupiditate non provident similique sunt in culpa qui officia deserunt mollitia animi id est laborum et dolorum fuga. Et harum quidem rerum facilis est et expedita distinctio. Nam libero tempore cum soluta nobis est eligendi optio cumque nihil impedit quo minus id quod maxime placeat facere possimus omnis voluptas assumenda est omnis dolor repellendus. Temporibus autem quibusdam et aut officiis debitis aut rerum necessitatibus saepe eveniet ut et voluptates repudiandae sint et molestiae non recusandae. Itaque earum rerum hic tenetur a sapiente delectus ut aut reiciendis voluptatibus maiores alias consequatur aut perferendis doloribus asperiores repellat.,41,TRUE
Webserver security patch,Sed ut perspiciatis unde omnis iste natus error sit voluptatem accusantium doloremque laudantium totam rem aperiam eaque ipsa quae ab illo inventore veritatis et quasi architecto beatae vitae dicta sunt explicabo. Nemo enim ipsam voluptatem quia voluptas sit aspernatur aut odit aut fugit sed quia consequuntur magni dolores eos qui ratione voluptatem sequi nesciunt neque porro quisquam est qui dolorem ipsum quia dolor sit amet consectetur adipisci[ng] velit sed quia non numquam [do] eius modi tempora inci[di]dunt ut labore et dolore magnam aliquam quaerat voluptatem. Ut enim ad minima veniam quis nostrum[d] exercitationem ullam corporis suscipit laboriosam nisi ut aliquid ex ea commodi consequatur? [D]Quis autem vel eum iure reprehenderit qui in ea voluptate velit esse quam nihil molestiae consequatur vel illum qui dolorem eum fugiat quo voluptas nulla pariatur? [33] At vero eos et accusamus et iusto odio dignissimos ducimus qui blanditiis praesentium voluptatum deleniti atque corrupti quos dolores et quas molestias excepturi sint obcaecati cupiditate non provident similique sunt in culpa qui officia deserunt mollitia animi id est laborum et dolorum fuga. Et harum quidem rerum facilis est et expedita distinctio. Nam libero tempore cum soluta nobis est eligendi optio cumque nihil impedit quo minus id quod maxime placeat facere possimus omnis voluptas assumenda est omnis dolor repellendus. Temporibus autem quibusdam et aut officiis debitis aut rerum necessitatibus saepe eveniet ut et voluptates repudiandae sint et molestiae non recusandae. Itaque earum rerum hic tenetur a sapiente delectus ut aut reiciendis voluptatibus maiores alias consequatur aut perferendis doloribus asperiores repellat.,40,TRUE
Development updates,Sed ut perspiciatis unde omnis iste natus error sit voluptatem accusantium doloremque laudantium totam rem aperiam eaque ipsa quae ab illo inventore veritatis et quasi architecto beatae vitae dicta sunt explicabo. Nemo enim ipsam voluptatem quia voluptas sit aspernatur aut odit aut fugit sed quia consequuntur magni dolores eos qui ratione voluptatem sequi nesciunt neque porro quisquam est qui dolorem ipsum quia dolor sit amet consectetur adipisci[ng] velit sed quia non numquam [do] eius modi tempora inci[di]dunt ut labore et dolore magnam aliquam quaerat voluptatem. Ut enim ad minima veniam quis nostrum[d] exercitationem ullam corporis suscipit laboriosam nisi ut aliquid ex ea commodi consequatur? [D]Quis autem vel eum iure reprehenderit qui in ea voluptate velit esse quam nihil molestiae consequatur vel illum qui dolorem eum fugiat quo voluptas nulla pariatur? [33] At vero eos et accusamus et iusto odio dignissimos ducimus qui blanditiis praesentium voluptatum deleniti atque corrupti quos dolores et quas molestias excepturi sint obcaecati cupiditate non provident similique sunt in culpa qui officia deserunt mollitia animi id est laborum et dolorum fuga. Et harum quidem rerum facilis est et expedita distinctio. Nam libero tempore cum soluta nobis est eligendi optio cumque nihil impedit quo minus id quod maxime placeat facere possimus omnis voluptas assumenda est omnis dolor repellendus. Temporibus autem quibusdam et aut officiis debitis aut rerum necessitatibus saepe eveniet ut et voluptates repudiandae sint et molestiae non recusandae. Itaque earum rerum hic tenetur a sapiente delectus ut aut reiciendis voluptatibus maiores alias consequatur aut perferendis doloribus asperiores repellat.,35,FALSE
Accounting patch,Sed ut perspiciatis unde omnis iste natus error sit voluptatem accusantium doloremque laudantium totam rem aperiam eaque ipsa quae ab illo inventore veritatis et quasi architecto beatae vitae dicta sunt explicabo. Nemo enim ipsam voluptatem quia voluptas sit aspernatur aut odit aut fugit sed quia consequuntur magni dolores eos qui ratione voluptatem sequi nesciunt neque porro quisquam est qui dolorem ipsum quia dolor sit amet consectetur adipisci[ng] velit sed quia non numquam [do] eius modi tempora inci[di]dunt ut labore et dolore magnam aliquam quaerat voluptatem. Ut enim ad minima veniam quis nostrum[d] exercitationem ullam corporis suscipit laboriosam nisi ut aliquid ex ea commodi consequatur? [D]Quis autem vel eum iure reprehenderit qui in ea voluptate velit esse quam nihil molestiae consequatur vel illum qui dolorem eum fugiat quo voluptas nulla pariatur? [33] At vero eos et accusamus et iusto odio dignissimos ducimus qui blanditiis praesentium voluptatum deleniti atque corrupti quos dolores et quas molestias excepturi sint obcaecati cupiditate non provident similique sunt in culpa qui officia deserunt mollitia animi id est laborum et dolorum fuga. Et harum quidem rerum facilis est et expedita distinctio. Nam libero tempore cum soluta nobis est eligendi optio cumque nihil impedit quo minus id quod maxime placeat facere possimus omnis voluptas assumenda est omnis dolor repellendus. Temporibus autem quibusdam et aut officiis debitis aut rerum necessitatibus saepe eveniet ut et voluptates repudiandae sint et molestiae non recusandae. Itaque earum rerum hic tenetur a sapiente delectus ut aut reiciendis voluptatibus maiores alias consequatur aut perferendis doloribus asperiores repellat.,41,FALSE
Windows browser fix,Sed ut perspiciatis unde omnis iste natus error sit voluptatem accusantium doloremque laudantium totam rem aperiam eaque ipsa quae ab illo inventore veritatis et quasi architecto beatae vitae dicta sunt explicabo. Nemo enim ipsam voluptatem quia voluptas sit aspernatur aut odit aut fugit sed quia consequuntur magni dolores eos qui ratione voluptatem sequi nesciunt neque porro quisquam est qui dolorem ipsum quia dolor sit amet consectetur adipisci[ng] velit sed quia non numquam [do] eius modi tempora inci[di]dunt ut labore et dolore magnam aliquam quaerat voluptatem. Ut enim ad minima veniam quis nostrum[d] exercitationem ullam corporis suscipit laboriosam nisi ut aliquid ex ea commodi consequatur? [D]Quis autem vel eum iure reprehenderit qui in ea voluptate velit esse quam nihil molestiae consequatur vel illum qui dolorem eum fugiat quo voluptas nulla pariatur? [33] At vero eos et accusamus et iusto odio dignissimos ducimus qui blanditiis praesentium voluptatum deleniti atque corrupti quos dolores et quas molestias excepturi sint obcaecati cupiditate non provident similique sunt in culpa qui officia deserunt mollitia animi id est laborum et dolorum fuga. Et harum quidem rerum facilis est et expedita distinctio. Nam libero tempore cum soluta nobis est eligendi optio cumque nihil impedit quo minus id quod maxime placeat facere possimus omnis voluptas assumenda est omnis dolor repellendus. Temporibus autem quibusdam et aut officiis debitis aut rerum necessitatibus saepe eveniet ut et voluptates repudiandae sint et molestiae non recusandae. Itaque earum rerum hic tenetur a sapiente delectus ut aut reiciendis voluptatibus maiores alias consequatur aut perferendis doloribus asperiores repellat.,32,TRUE
Security changes,Sed ut perspiciatis unde omnis iste natus error sit voluptatem accusantium doloremque laudantium totam rem aperiam eaque ipsa quae ab illo inventore veritatis et quasi architecto beatae vitae dicta sunt explicabo. Nemo enim ipsam voluptatem quia voluptas sit aspernatur aut odit aut fugit sed quia consequuntur magni dolores eos qui ratione voluptatem sequi nesciunt neque porro quisquam est qui dolorem ipsum quia dolor sit amet consectetur adipisci[ng] velit sed quia non numquam [do] eius modi tempora inci[di]dunt ut labore et dolore magnam aliquam quaerat voluptatem. Ut enim ad minima veniam quis nostrum[d] exercitationem ullam corporis suscipit laboriosam nisi ut aliquid ex ea commodi consequatur? [D]Quis autem vel eum iure reprehenderit qui in ea voluptate velit esse quam nihil molestiae consequatur vel illum qui dolorem eum fugiat quo voluptas nulla pariatur? [33] At vero eos et accusamus et iusto odio dignissimos ducimus qui blanditiis praesentium voluptatum deleniti atque corrupti quos dolores et quas molestias excepturi sint obcaecati cupiditate non provident similique sunt in culpa qui officia deserunt mollitia animi id est laborum et dolorum fuga. Et harum quidem rerum facilis est et expedita distinctio. Nam libero tempore cum soluta nobis est eligendi optio cumque nihil impedit quo minus id quod maxime placeat facere possimus omnis voluptas assumenda est omnis dolor repellendus. Temporibus autem quibusdam et aut officiis debitis aut rerum necessitatibus saepe eveniet ut et voluptates repudiandae sint et molestiae non recusandae. Itaque earum rerum hic tenetur a sapiente delectus ut aut reiciendis voluptatibus maiores alias consequatur aut perferendis doloribus asperiores repellat.,33,TRUE
DNS lookup update,Sed ut perspiciatis unde omnis iste natus error sit voluptatem accusantium doloremque laudantium totam rem aperiam eaque ipsa quae ab illo inventore veritatis et quasi architecto beatae vitae dicta sunt explicabo. Nemo enim ipsam voluptatem quia voluptas sit aspernatur aut odit aut fugit sed quia consequuntur magni dolores eos qui ratione voluptatem sequi nesciunt neque porro quisquam est qui dolorem ipsum quia dolor sit amet consectetur adipisci[ng] velit sed quia non numquam [do] eius modi tempora inci[di]dunt ut labore et dolore magnam aliquam quaerat voluptatem. Ut enim ad minima veniam quis nostrum[d] exercitationem ullam corporis suscipit laboriosam nisi ut aliquid ex ea commodi consequatur? [D]Quis autem vel eum iure reprehenderit qui in ea voluptate velit esse quam nihil molestiae consequatur vel illum qui dolorem eum fugiat quo voluptas nulla pariatur? [33] At vero eos et accusamus et iusto odio dignissimos ducimus qui blanditiis praesentium voluptatum deleniti atque corrupti quos dolores et quas molestias excepturi sint obcaecati cupiditate non provident similique sunt in culpa qui officia deserunt mollitia animi id est laborum et dolorum fuga. Et harum quidem rerum facilis est et expedita distinctio. Nam libero tempore cum soluta nobis est eligendi optio cumque nihil impedit quo minus id quod maxime placeat facere possimus omnis voluptas assumenda est omnis dolor repellendus. Temporibus autem quibusdam et aut officiis debitis aut rerum necessitatibus saepe eveniet ut et voluptates repudiandae sint et molestiae non recusandae. Itaque earum rerum hic tenetur a sapiente delectus ut aut reiciendis voluptatibus maiores alias consequatur aut perferendis doloribus asperiores repellat.,26,TRUE